SCHID,MMEANSES,MPUBLIC,MRATIO,MPERCMIN
7472,-0.482608706,1,19,0
7829,-0.84799999,1,18,7
7930,0.147083327,1,14,1
24725,-0.700909078,1,18,0
25456,-0.196818173,1,12,1
25642,-1.068500042,1,11,6
62821,1.044626832,0,10,3
68448,-0.17095238,1,14,5
68493,-0.462857157,1,22,5
72292,-0.504500031,1,17,1
